date,open,high,low,close
2026-05-22,387.3500061035156,388.739990234375,381.7699890136719,382.9700012207031
2026-05-26,384.510009765625,389.260009765625,382.6000061035156,388.8800048828125
2026-05-27,386.6700134277344,393.8800048828125,385.8999938964844,388.8299865722656
2026-05-28,388.0,391.8699951171875,385.1600036621094,390.1300048828125
2026-05-29,385.239990234375,385.239990234375,378.4599914550781,380.3399963378906
2026-06-01,376.5199890136719,378.55999755859375,373.5199890136719,376.3699951171875
2026-06-02,366.5899963378906,373.5400085449219,358.44000244140625,361.8500061035156
2026-06-03,362.0299987792969,366.45001220703125,358.0799865722656,358.989990234375
2026-06-04,358.8999938964844,373.25,358.2099914550781,372.19000244140625
2026-06-05,366.3399963378906,372.0799865722656,364.1199951171875,368.5299987792969
2026-06-08,365.17999267578125,366.20001220703125,360.5299987792969,363.30999755859375
2026-06-09,367.0899963378906,372.0799865722656,357.29998779296875,364.260009765625
2026-06-10,363.19000244140625,368.55999755859375,355.20001220703125,356.3800048828125
2026-06-11,355.92999267578125,358.79998779296875,346.3599853515625,357.7699890136719
2026-06-12,362.6199951171875,366.57000732421875,354.94000244140625,359.67999267578125
2026-06-15,367.92999267578125,372.989990234375,366.54998779296875,369.3500061035156
2026-06-16,369.6000061035156,376.0,367.05999755859375,373.25
2026-06-17,369.1300048828125,372.3299865722656,362.0199890136719,363.7900085449219
2026-06-18,365.75,369.4800109863281,358.6700134277344,368.0299987792969
2026-06-22,357.95001220703125,358.9200134277344,341.7200012207031,349.67999267578125
2026-06-23,340.69000244140625,349.2900085449219,340.20001220703125,346.1300048828125
2026-06-24,349.0400085449219,353.4800109863281,341.92999267578125,345.2900085449219
2026-06-25,336.7300109863281,345.57000732421875,335.8399963378906,343.7099914550781
2026-06-26,342.54998779296875,346.3599853515625,330.20001220703125,337.3900146484375
2026-06-29,341.8299865722656,354.3500061035156,340.6700134277344,353.6499938964844
2026-06-30,353.8699951171875,358.6199951171875,350.3999938964844,357.3699951171875
2026-07-01,358.3699951171875,362.9700012207031,356.42999267578125,361.2099914550781
2026-07-02,359.4800109863281,364.2099914550781,353.4200134277344,359.9100036621094
2026-07-06,361.54998779296875,367.92999267578125,357.3800048828125,366.4599914550781
2026-07-07,369.07000732421875,373.1600036621094,365.5,367.0299987792969
2026-07-08,364.760009765625,367.8399963378906,358.0199890136719,361.9200134277344
2026-07-09,354.30999755859375,359.6499938964844,351.0799865722656,358.8900146484375
2026-07-10,357.5299987792969,357.82000732421875,352.75,357.17999267578125
2026-07-13,356.19000244140625,358.1300048828125,351.75,352.510009765625
2026-07-14,351.20001220703125,360.1600036621094,351.0899963378906,359.510009765625
2026-07-15,357.9700012207031,373.6499938964844,357.760009765625,370.9200134277344
2026-07-16,373.05999755859375,375.2699890136719,352.29998779296875,354.4599914550781
2026-07-17,346.0,348.5199890136719,341.3599853515625,346.7699890136719
2026-07-20,350.8800048828125,359.67999267578125,350.5199890136719,351.989990234375
2026-07-21,351.32000732421875,351.32000732421875,347.0,347.1499938964844
2026-07-22,348.1600036621094,349.94000244140625,341.7300109863281,342.0899963378906
2026-07-23,321.1300048828125,324.489990234375,314.8999938964844,317.69000244140625
2026-07-24,318.4200134277344,324.17999267578125,317.32000732421875,319.739990234375
2026-07-27,325.0400085449219,330.4200134277344,324.45001220703125,326.55999755859375
2026-07-28,327.8999938964844,335.8800048828125,324.44000244140625,333.7099914550781
2026-07-29,334.6700134277344,342.5,331.6199951171875,336.7099914550781
2026-07-30,334.20001220703125,336.510009765625,330.3399963378906,333.6600036621094
2026-07-31,340.8299865722656,358.5799865722656,340.0,356.1300048828125
2026-08-03,365.45001220703125,376.69000244140625,363.3500061035156,373.510009765625
2026-08-04,368.2200012207031,380.5199890136719,367.5,377.6499938964844
2026-08-05,383.3399963378906,384.4800109863281,356.7699890136719,362.42999267578125
2026-08-06,360.7699890136719,364.1300048828125,356.8800048828125,357.75
2026-08-07,356.7200012207031,358.8999938964844,353.7799987792969,354.29998779296875
2026-08-10,355.17999267578125,357.6099853515625,352.7099914550781,357.5199890136719
2026-08-11,355.8900146484375,356.80999755859375,343.3900146484375,343.79998779296875
2026-08-12,346.30999755859375,346.4800109863281,340.8800048828125,343.5400085449219
2026-08-13,345.7699890136719,347.92999267578125,343.760009765625,346.3599853515625
2026-08-14,346.79998779296875,350.45001220703125,344.5,345.8999938964844
2026-08-17,346.2699890136719,347.25,341.92999267578125,344.0
2026-08-18,342.4100036621094,344.8699951171875,340.19000244140625,344.20001220703125
2026-08-19,342.4599914550781,346.7300109863281,340.6600036621094,344.7200012207031
2026-08-20,343.05999755859375,343.8999938964844,338.57000732421875,340.6700134277344
2026-08-21,342.5799865722656,346.20001220703125,340.3999938964844,344.82000732421875
2026-08-24,343.6199951171875,351.6000061035156,342.489990234375,348.05999755859375
2026-08-25,349.6400146484375,350.1600036621094,345.6000061035156,346.9599914550781
2026-08-26,346.6199951171875,346.8800048828125,340.17999267578125,342.0
2026-08-27,339.6700134277344,341.69000244140625,338.5199890136719,340.6499938964844
2026-08-28,340.7099914550781,349.1400146484375,340.2699890136719,346.5899963378906
2026-08-31,343.8299865722656,344.5899963378906,337.1600036621094,339.3500061035156
2026-09-01,336.0,337.20001220703125,333.04998779296875,335.0199890136719
2026-09-02,334.05999755859375,340.0,332.82000732421875,337.1199951171875
2026-09-03,340.55999755859375,344.67999267578125,340.05999755859375,342.4800109863281
2026-09-04,342.4700012207031,343.5299987792969,337.0899963378906,338.4599914550781
2026-09-08,335.4200134277344,339.67999267578125,333.2200012207031,338.3599853515625
2026-09-09,331.6499938964844,331.8500061035156,327.8999938964844,330.6499938964844
2026-09-10,328.2300109863281,333.2300109863281,327.739990234375,332.6000061035156
2026-09-11,335.0299987792969,342.9800109863281,335.0299987792969,338.5
2026-09-14,343.1199951171875,349.9100036621094,342.1400146484375,349.3900146484375
2026-09-15,346.79998779296875,348.07000732421875,342.70001220703125,344.9800109863281
2026-09-16,347.0799865722656,348.3999938964844,340.6400146484375,342.8699951171875
2026-09-17,348.67999267578125,349.5,343.8900146484375,347.3299865722656
2026-09-18,357.30999755859375,359.44000244140625,348.45001220703125,349.5400085449219
2026-09-21,350.6700134277344,357.5799865722656,349.1000061035156,354.9700012207031
